issued_at_utc,target_time_utc,lead_hours,buoy_id,buoy_name,lat,lon,actual_hs_m,actual_hs_ft,actual_period_s,forecast_hs_m,forecast_hs_ft,forecast_period_s,forecast_source,actual_status,forecast_status
2026-10-08T03:00:00Z,2026-10-08T03:00:00Z,0,46221,santamonica,33.85,-118.64,1.4,4.59,11.0,1.16,3.81,10.55,openmeteo,ok,ok
2026-10-08T03:00:00Z,2026-10-08T09:00:00Z,6,46221,santamonica,33.85,-118.64,,,,1.12,3.67,11.05,openmeteo,,ok
2026-10-08T03:00:00Z,2026-10-09T03:00:00Z,24,46221,santamonica,33.85,-118.64,,,,1.16,3.81,11.9,openmeteo,,ok
2026-10-08T03:00:00Z,2026-10-10T03:00:00Z,48,46221,santamonica,33.85,-118.64,,,,1.28,4.2,11.45,openmeteo,,ok
2026-10-08T03:46:51.935665+00:00,46221,santamonica,33.85,-118.64,,,,1.16,3.81,10.95,openmeteo,could not convert string to float: 'm',ok
2026-10-08T12:32:48.397291+00:00,46221,santamonica,33.85,-118.64,,,,1.34,4.4,11.0,openmeteo,could not convert string to float: 'm',ok
2026-10-08T22:00:00Z,2026-10-08T22:00:00Z,0,46221,santamonica,33.85,-118.64,1.3,4.27,17.0,1.1,3.61,12.05,openmeteo,ok,ok
2026-10-08T22:00:00Z,2026-10-09T04:00:00Z,6,46221,santamonica,33.85,-118.64,,,,1.18,3.87,11.7,openmeteo,,ok
2026-10-08T22:00:00Z,2026-10-09T22:00:00Z,24,46221,santamonica,33.85,-118.64,,,,1.16,3.81,12.95,openmeteo,,ok
2026-10-08T22:00:00Z,2026-10-10T22:00:00Z,48,46221,santamonica,33.85,-118.64,,,,1.14,3.74,12.65,openmeteo,,ok
